node index 1,node index 2,node index 3,p-value
24,32,52,0.0015991608127067366
38,53,67,0.002743890923194195
